user_id;username;first_name;is_banned;banned_reason;searches_used;search_date;last_search_at;premium_until;total_searches;total_found;joined_at;last_activity
5969266721;emeuw;LɪʟFᴛᴀɴ;0;;0;2026-08-16;2026-08-16T16:17:22.389080+03:00;2027-08-31T19:39:33.682603+03:00;90;89;2026-06-07T19:30:34.318015+03:00;2026-08-16T16:25:05.654077+03:00
7894051808;grofdy;𝐺𝑟𝑜𝑓𝑑𝑦;0;;0;2026-07-16;2026-06-12T13:18:45.206878+03:00;;5;5;2026-06-07T19:37:48.672998+03:00;2026-07-16T13:59:15.602510+03:00
8746165041;esnoe;Legenda;0;;0;2026-06-09;2026-06-07T19:41:42.445200+03:00;;4;4;2026-06-07T19:38:27.346441+03:00;2026-06-08T10:27:25.542937+03:00
8167150215;onpaee;.;0;;3;2026-06-09;2026-06-09T20:02:58.819896+03:00;;6;6;2026-06-08T00:24:55.463560+03:00;2026-06-09T20:02:58.819896+03:00
8698962410;ivuex;chapman#77;0;;3;2026-06-09;2026-06-09T18:16:42.347860+03:00;;6;6;2026-06-08T00:27:26.800657+03:00;2026-06-09T18:16:42.347860+03:00
8593148942;osloebishche;черемша;0;;0;2026-06-09;2026-06-08T10:28:19.414853+03:00;;3;3;2026-06-08T10:27:25.613407+03:00;2026-06-08T10:28:49.489002+03:00
7817802564;bumelli;#сигма_свинка🍒😺;0;;0;2026-06-10;2026-06-10T21:50:14.528603+03:00;2026-06-16T00:02:47.113706+03:00;32;30;2026-06-08T10:27:28.733348+03:00;2026-06-10T21:50:14.528603+03:00
6656590098;llukiich;Lukyan;0;;3;2026-06-09;2026-06-09T09:40:22.968386+03:00;;6;6;2026-06-08T10:27:31.555064+03:00;2026-06-09T09:40:22.968386+03:00
8791132572;fiz_acc;перфекционист;0;;3;2026-06-18;2026-06-18T00:06:40.805510+03:00;;6;6;2026-06-08T10:50:16.030511+03:00;2026-06-18T19:37:01.028946+03:00
5621428061;Tahk1st;Tankist;0;;3;2026-06-10;2026-06-10T22:19:06.479009+03:00;;6;6;2026-06-08T10:59:04.045589+03:00;2026-06-10T22:19:10.028295+03:00
8413356809;ceclica;⁠⁠ceclica;0;;0;2026-06-09;;;0;0;2026-06-08T11:44:51.481082+03:00;2026-06-09T01:01:17.360426+03:00
8625810544;psyhopan;Brian Cooper;0;;0;2026-06-09;2026-06-08T23:49:19.318310+03:00;;3;3;2026-06-08T23:48:23.481234+03:00;2026-06-08T23:49:19.318310+03:00
7877439288;Chsx2;БульбаБоззер;0;;0;2026-06-09;2026-06-08T23:49:15.408003+03:00;;3;3;2026-06-08T23:48:32.735242+03:00;2026-06-08T23:49:52.294137+03:00
7521666988;werzrip;#неизвестный¹ | eusvy;0;;3;2026-06-09;2026-06-09T00:52:09.059012+03:00;;6;6;2026-06-08T23:48:41.005775+03:00;2026-06-09T00:52:16.092089+03:00
8196274625;CacakaCaky;CACAKACAKY;0;;0;2026-06-21;2026-06-19T19:36:16.138906+03:00;;9;9;2026-06-08T23:48:53.366120+03:00;2026-06-21T22:24:42.458113+03:00
8754698297;wiststone;winston;0;;3;2026-06-13;2026-06-13T12:03:01.185702+03:00;;6;6;2026-06-08T23:48:56.395447+03:00;2026-06-13T12:03:09.564117+03:00
8653872876;Tank1st;Tank1st;0;;0;2026-06-09;2026-06-08T23:49:09.431495+03:00;;2;2;2026-06-08T23:49:00.879530+03:00;2026-06-08T23:49:11.077450+03:00
8640180536;ocbob;Oxatov;0;;3;2026-06-13;2026-06-13T01:00:44.236551+03:00;;13;13;2026-06-08T23:49:01.665101+03:00;2026-06-13T12:03:50.523768+03:00
8683518694;F1nne;:);0;;0;2026-06-09;2026-06-08T23:50:23.469960+03:00;;3;3;2026-06-08T23:49:13.685913+03:00;2026-06-08T23:50:29.408665+03:00
2073571324;spimx;Клэйзис;0;;3;2026-06-09;2026-06-09T23:13:02.394265+03:00;;6;6;2026-06-08T23:49:27.772645+03:00;2026-06-09T23:13:02.394265+03:00
6769759527;Siopov;LOFS Siopov;0;;0;2026-06-09;2026-06-08T23:49:47.210119+03:00;;3;3;2026-06-08T23:49:30.279119+03:00;2026-06-08T23:49:53.636111+03:00
8271332363;sanduo_ww;ㅤ;0;;0;2026-06-09;;;0;0;2026-06-08T23:49:37.935542+03:00;2026-06-09T02:16:34.643627+03:00
1618908262;astrawl;ㅤ;0;;0;2026-06-09;2026-06-08T23:50:01.383648+03:00;;3;3;2026-06-08T23:49:40.908696+03:00;2026-06-13T16:46:38.829125+03:00
5648371281;felycat;RESTᅠкосточка;0;;0;2026-06-09;2026-06-08T23:50:54.149816+03:00;;3;3;2026-06-08T23:50:37.463192+03:00;2026-06-08T23:51:06.995996+03:00
6000077463;lucidilexia;lucidilexia;0;;0;2026-06-09;2026-06-08T23:50:56.242269+03:00;;3;3;2026-06-08T23:50:40.585331+03:00;2026-06-08T23:51:02.306644+03:00
8271822615;ldilx;ldilx;0;;0;2026-06-09;2026-06-08T23:53:49.463208+03:00;;3;3;2026-06-08T23:52:54.983818+03:00;2026-06-08T23:53:49.463208+03:00
5997154907;wrk_x;𝓜𝓪𝓴𝓼𝓲𝓶𝓸𝓿;0;;0;2026-06-09;2026-06-08T23:56:50.806078+03:00;;2;2;2026-06-08T23:53:28.717285+03:00;2026-06-08T23:56:50.806078+03:00
8487980087;;x3morz?;0;;3;2026-06-13;2026-06-13T00:34:13.382575+03:00;;9;9;2026-06-08T23:53:47.141789+03:00;2026-06-13T00:34:16.397613+03:00
8135642637;owfut;04:44 suicideidolsX ooops /say hi?...;0;;0;2026-06-09;2026-06-08T23:57:25.860689+03:00;;3;3;2026-06-08T23:54:45.586515+03:00;2026-06-08T23:57:25.860689+03:00
2090193001;;ㅤ;0;;0;2026-06-09;;;0;0;2026-06-08T23:54:55.367000+03:00;2026-06-08T23:55:00.545642+03:00
5068641983;Ka_ncuxonat;🚗🚗🚗🚗🚗🚗🚗🚗🚗🚗🚗🚗🚗🚗🚗🚗🚗🚗👩‍🦽🚗🚗🚗🚗🚗🚗🚗🚗🚗🚗🚗🚗🚗🚗🚗🚗🚗🚗🚗🚗🚗🚗🚗🚗🚗🚗🚗🚗🚗🚗🚗🚗🚗🚗🚗🚗🚗🚗🚗🚗🚗🚗🚗;0;;0;2026-06-09;2026-06-08T23:55:49.919495+03:00;;3;3;2026-06-08T23:55:20.639263+03:00;2026-06-08T23:55:49.919495+03:00
7614726961;Rertykin;æ;0;;3;2026-06-15;2026-06-15T11:38:21.570757+03:00;;12;12;2026-06-08T23:57:42.332292+03:00;2026-06-15T11:38:21.570757+03:00
6545946758;iyjcu;yxueb;0;;0;2026-06-09;2026-06-09T00:10:36.636094+03:00;;3;3;2026-06-09T00:09:54.719438+03:00;2026-06-12T00:42:55.743529+03:00
8793253493;;سـي;0;;0;2026-06-09;;;0;0;2026-06-09T02:26:07.894986+03:00;2026-06-09T02:26:07.894986+03:00
8484944484;coofw;Кофик;0;;0;2026-06-09;;;0;0;2026-06-09T11:03:29.823139+03:00;2026-06-09T11:03:36.556786+03:00
7220468824;OnePlus_Nord5;Воскресший;0;;3;2026-07-24;2026-07-24T11:27:52.340259+03:00;;6;6;2026-06-09T19:00:36.973076+03:00;2026-07-24T11:27:52.340259+03:00
6964883044;Never056;"""Znx44_ZerO*";0;;3;2026-06-09;2026-06-09T20:00:24.317341+03:00;;3;3;2026-06-09T19:59:17.565570+03:00;2026-06-09T20:00:24.317341+03:00
8635929163;;missdeath;0;;0;2026-06-23;2026-06-19T21:13:02.151728+03:00;;6;6;2026-06-10T10:28:20.757810+03:00;2026-06-23T08:21:08.371171+03:00
8536658049;peised;ходячий;0;;3;2026-06-10;2026-06-10T21:46:25.311991+03:00;;3;3;2026-06-10T21:45:00.998507+03:00;2026-06-10T21:47:11.611664+03:00
5292281199;wearbag;K.;0;;3;2026-06-10;2026-06-10T22:17:01.412585+03:00;2026-06-11T21:54:06.674444+03:00;39;39;2026-06-10T21:45:21.525191+03:00;2026-06-10T22:17:01.412585+03:00
1737167446;gospoJin;госпожин;0;;3;2026-06-13;2026-06-13T22:39:51.961917+03:00;;198;198;2026-06-10T21:45:30.068747+03:00;2026-06-13T22:41:14.106833+03:00
5427424532;oyoyoyoyoyoyoyoyoyoyoyoyoyq;Young Father;0;;3;2026-06-10;2026-06-10T21:47:11.521589+03:00;;3;3;2026-06-10T21:46:39.054334+03:00;2026-06-10T21:47:19.101889+03:00
7830598141;MilitaryMonesy;[イプテズ] 𝙼𝚘𝚗𝚎𝚜𝚢 良かった;0;;1;2026-06-13;2026-06-13T19:06:16.172727+03:00;;1;1;2026-06-11T14:25:24.872591+03:00;2026-06-13T19:06:16.172727+03:00
6689824263;FxxkUPZ;Оркестр утюгов;0;;3;2026-06-12;2026-06-12T13:28:00.305371+03:00;;3;3;2026-06-12T13:27:23.676160+03:00;2026-06-12T13:28:09.745316+03:00
8623604965;broim;february11th;0;;2;2026-07-10;2026-07-10T15:32:51.339087+03:00;;5;5;2026-06-12T18:10:04.326559+03:00;2026-07-10T15:32:51.339087+03:00
7975299645;readyfirst;𝕶𝖔𝖙𝕿𝕮𝕺¹⁴¹;0;;3;2026-06-13;2026-06-13T00:23:01.446826+03:00;;3;3;2026-06-13T00:21:55.066962+03:00;2026-06-13T00:24:59.726237+03:00
8385533135;seumv;кирюшка;0;;2;2026-06-13;2026-06-13T00:43:37.284900+03:00;;2;2;2026-06-13T00:22:06.182036+03:00;2026-06-13T00:43:37.284900+03:00
8013109579;zxcmonah;Наркоборон;0;;3;2026-06-13;2026-06-13T00:24:24.309532+03:00;;3;3;2026-06-13T00:22:18.848334+03:00;2026-06-13T14:32:27.146604+03:00
8685611663;zx1don;🆉 ᴢx1ᴅᴏɴꘜ;0;;3;2026-07-10;2026-07-10T13:12:14.614500+03:00;;9;9;2026-06-13T00:22:44.405292+03:00;2026-07-10T13:12:50.749872+03:00
7785474061;scndlx;ᅠ;0;;3;2026-06-13;2026-06-13T00:23:58.998808+03:00;;3;3;2026-06-13T00:23:34.986584+03:00;2026-06-13T00:24:07.357639+03:00
7995755895;obnun;Antônio;0;;0;2026-06-13;;;0;0;2026-06-13T00:24:02.329162+03:00;2026-06-13T00:24:02.329162+03:00
8938152467;;Anrie;0;;0;2026-06-13;;;0;0;2026-06-13T00:24:07.712823+03:00;2026-06-13T00:24:07.712823+03:00
8036723016;XernetrySupp;ALLOINCE;0;;0;2026-06-13;;;0;0;2026-06-13T00:24:13.336401+03:00;2026-06-13T00:24:13.336401+03:00
8154230869;Loneliness277;TREX STRESS;0;;0;2026-06-13;;;0;0;2026-06-13T00:24:20.125168+03:00;2026-06-13T00:24:20.125168+03:00
8644322942;;Leonor Carina 1️⃣;0;;0;2026-06-13;;;0;0;2026-06-13T00:24:24.940693+03:00;2026-06-13T00:24:24.940693+03:00
8539637028;fafapepefamama;TREX STRESS;0;;0;2026-06-13;;;0;0;2026-06-13T00:24:25.554135+03:00;2026-06-13T00:24:25.554135+03:00
7997445124;mayliooo;MayliR;0;;0;2026-06-13;;;0;0;2026-06-13T00:25:37.610583+03:00;2026-06-13T00:25:37.610583+03:00
6379012518;wuzay;dann;0;;3;2026-06-13;2026-06-13T00:28:15.522522+03:00;;3;3;2026-06-13T00:27:44.861307+03:00;2026-06-13T00:28:33.310114+03:00
7440932622;LordOfDurov;Durov;0;;1;2026-06-13;2026-06-13T00:29:26.728354+03:00;;1;1;2026-06-13T00:29:11.138754+03:00;2026-06-13T00:29:26.728354+03:00
7628292559;fuckshizyyy;‘;0;;3;2026-06-13;2026-06-13T00:30:48.419138+03:00;;3;3;2026-06-13T00:30:06.586641+03:00;2026-06-13T00:30:51.000203+03:00
7818555235;fucksh1zy;гриша;0;;3;2026-06-13;2026-06-13T00:32:03.706211+03:00;;3;3;2026-06-13T00:31:51.508360+03:00;2026-06-13T00:32:03.706211+03:00
7457533775;naoqv;The d1plox Makedonskiy;0;;0;2026-06-13;;;0;0;2026-06-13T00:32:46.165617+03:00;2026-06-13T00:32:46.165617+03:00
8006154413;Yakudzaqx;Yakudza | Телеграм аккаунты;0;;3;2026-06-13;2026-06-13T00:46:53.754415+03:00;;3;3;2026-06-13T00:32:46.314490+03:00;2026-06-13T00:47:07.494448+03:00
8405195372;use_rnam_e;D;0;;3;2026-06-25;2026-06-25T16:59:29.881224+03:00;;6;6;2026-06-13T00:40:00.728423+03:00;2026-06-25T16:59:29.881224+03:00
7910193554;zimtro;Sa_rkAz;0;;1;2026-06-13;2026-06-13T00:41:11.880327+03:00;;1;1;2026-06-13T00:40:49.285204+03:00;2026-06-13T00:41:11.880327+03:00
6102140144;IemGOD;.pdf;0;;3;2026-06-25;2026-06-25T13:50:16.472190+03:00;;9;9;2026-06-13T00:40:51.785681+03:00;2026-06-25T13:50:23.302744+03:00
8575103747;rrumaw;.;0;;3;2026-06-13;2026-06-13T00:57:25.581485+03:00;;3;3;2026-06-13T00:56:44.902068+03:00;2026-06-13T19:29:54.565902+03:00
5860598660;fuckertonn;𝑠𝑖𝑙𝑒𝑛𝑑𝑠;0;;3;2026-06-13;2026-06-13T01:00:49.623828+03:00;;3;3;2026-06-13T01:00:32.758784+03:00;2026-06-13T01:01:13.796535+03:00
8468920882;zoqemu;Lunnq;0;;3;2026-06-13;2026-06-13T01:14:47.147869+03:00;;3;3;2026-06-13T01:14:25.360569+03:00;2026-06-13T01:14:48.515603+03:00
8869900091;Dobrota167;Кристина;0;;3;2026-06-13;2026-06-13T01:26:37.937268+03:00;;3;3;2026-06-13T01:26:08.458777+03:00;2026-06-13T01:26:41.110827+03:00
6786334018;dobrota27;Mine;0;;3;2026-06-13;2026-06-13T01:27:30.159046+03:00;;3;3;2026-06-13T01:27:18.838509+03:00;2026-06-13T01:27:30.159046+03:00
8878334315;;Miguel Ángel Alfredo;0;;0;2026-06-13;;;0;0;2026-06-13T01:38:25.229435+03:00;2026-06-13T01:38:25.229435+03:00
7630207100;kaxau;Kaxau;0;;3;2026-06-13;2026-06-13T01:51:11.420757+03:00;;3;3;2026-06-13T01:49:22.103105+03:00;2026-06-13T01:51:14.873710+03:00
8742232369;deyesu;deyesu;0;;3;2026-06-13;2026-06-13T02:44:26.337626+03:00;;3;3;2026-06-13T02:43:51.213139+03:00;2026-06-13T02:44:29.122414+03:00
7646565638;molldkam;ㅤㅤ;0;;3;2026-06-13;2026-06-13T02:47:37.129366+03:00;;3;3;2026-06-13T02:46:56.007310+03:00;2026-06-13T02:47:49.727681+03:00
554335896;vosare;.;0;;3;2026-06-13;2026-06-13T02:48:21.123566+03:00;;3;3;2026-06-13T02:48:07.869226+03:00;2026-06-13T02:48:21.123566+03:00
5133737953;;🖤;0;;2;2026-06-13;2026-06-13T04:49:56.681708+03:00;;2;2;2026-06-13T04:47:32.716997+03:00;2026-06-13T04:49:56.681708+03:00
8120387366;GetcatP;𝐺𝑒𝑡𝑐𝑎𝑡;0;;3;2026-06-13;2026-06-13T06:09:25.235719+03:00;;3;3;2026-06-13T06:08:59.122129+03:00;2026-06-13T06:09:28.954134+03:00
8332016222;premium_super;NN ~ноунейм~ | Planetary;0;;3;2026-06-13;2026-06-13T06:37:53.265535+03:00;;3;3;2026-06-13T06:37:32.200556+03:00;2026-06-13T06:37:55.410727+03:00
8335091646;gvngi;mowalola;0;;0;2026-06-13;;;0;0;2026-06-13T08:01:57.908766+03:00;2026-06-13T08:01:57.908766+03:00
7940035345;Mega_Drun;athens;0;;3;2026-06-13;2026-06-13T08:26:54.818552+03:00;;3;3;2026-06-13T08:26:39.804670+03:00;2026-06-13T08:26:58.444479+03:00
6418343880;xadozu;.;0;;3;2026-06-15;2026-06-15T14:41:14.676325+03:00;;6;6;2026-06-13T09:17:46.096721+03:00;2026-06-15T14:41:16.642492+03:00
8316193447;emilka_61;.;0;;3;2026-06-13;2026-06-13T09:38:34.653567+03:00;;3;3;2026-06-13T09:37:15.212195+03:00;2026-06-13T09:38:43.044474+03:00
6577747590;ehoyl;Науфуми Мирный;0;;3;2026-06-14;2026-06-14T17:26:59.566262+03:00;;6;6;2026-06-13T10:03:39.965385+03:00;2026-06-14T17:26:59.566262+03:00
5145336951;udxea;azteca🗲;0;;3;2026-08-16;2026-08-16T16:27:26.660932+03:00;;60;57;2026-06-13T10:27:51.304220+03:00;2026-08-16T16:27:26.660932+03:00
8251567126;ByeEat;С;0;;3;2026-06-13;2026-06-13T10:47:08.349568+03:00;;3;3;2026-06-13T10:46:33.435130+03:00;2026-06-13T10:47:08.349568+03:00
6718319427;fokrun;RS;0;;3;2026-07-11;2026-07-11T20:08:01.023180+03:00;;89;89;2026-06-13T10:49:34.252932+03:00;2026-07-11T20:08:01.023180+03:00
8602046897;wawofe;D;0;;3;2026-06-13;2026-06-13T10:57:04.145206+03:00;;3;3;2026-06-13T10:56:37.637741+03:00;2026-06-13T10:57:21.119587+03:00
8390365236;bse666;spoky💤;0;;3;2026-06-13;2026-06-13T11:14:08.171278+03:00;;3;3;2026-06-13T11:13:47.632219+03:00;2026-06-13T11:14:10.359996+03:00
6447605579;nucose;missed;0;;0;2026-06-13;;;0;0;2026-06-13T11:14:52.835260+03:00;2026-06-13T11:14:52.835260+03:00
7190382792;mvp_vinker;Петровичь;0;;3;2026-06-13;2026-06-13T11:18:29.435619+03:00;;3;3;2026-06-13T11:18:13.404152+03:00;2026-06-13T11:18:35.688920+03:00
8524372543;layoxa;layoxa.exe;0;;1;2026-06-13;2026-06-13T11:29:42.633930+03:00;;1;1;2026-06-13T11:28:56.230310+03:00;2026-06-13T11:29:42.633930+03:00
8938881891;zeceve;Kill la;0;;3;2026-07-01;2026-07-01T22:13:16.741480+03:00;;18;18;2026-06-13T11:29:10.993268+03:00;2026-07-01T22:13:16.741480+03:00
7832329559;toy0kokid;Меллис;0;;3;2026-07-01;2026-07-01T22:13:40.143230+03:00;;9;9;2026-06-13T11:31:54.928869+03:00;2026-07-01T22:13:40.143230+03:00
7778793868;sszekk;🕸scarYkid🕸;0;;3;2026-07-01;2026-07-01T22:14:18.572676+03:00;;15;15;2026-06-13T11:32:27.991663+03:00;2026-07-01T22:14:18.572676+03:00
1304508603;abadaptor;uzu;0;;3;2026-06-19;2026-06-19T10:05:33.157876+03:00;;632;632;2026-06-13T11:32:53.917582+03:00;2026-06-19T10:05:34.273311+03:00
8318889355;tgeqwe;Dr4n1k;0;;3;2026-06-13;2026-06-13T11:46:20.249715+03:00;;3;3;2026-06-13T11:45:58.055634+03:00;2026-06-13T11:46:39.494976+03:00
7212090648;Im_Deda;дед;0;;0;2026-06-13;;;0;0;2026-06-13T11:49:01.739795+03:00;2026-06-13T11:49:01.739795+03:00
5130386240;kriptonbek;Kriptonkill;0;;3;2026-06-13;2026-06-13T11:56:09.550977+03:00;;3;3;2026-06-13T11:55:51.261355+03:00;2026-06-13T11:56:09.550977+03:00
6594496123;esuyr;ᅠwho?;0;;3;2026-06-18;2026-06-18T13:03:14.817781+03:00;;18;18;2026-06-13T11:59:27.194832+03:00;2026-06-18T13:03:14.817781+03:00
7534081078;omega142;,;0;;3;2026-06-13;2026-06-13T12:03:06.946398+03:00;;3;3;2026-06-13T12:02:47.691807+03:00;2026-06-13T12:03:06.946398+03:00
8471624337;;print;0;;0;2026-06-13;;;0;0;2026-06-13T12:04:02.393789+03:00;2026-06-13T12:04:02.393789+03:00
8896729592;;Зинаида;0;;0;2026-06-13;;;0;0;2026-06-13T12:04:17.442294+03:00;2026-06-13T12:04:17.442294+03:00
8420451816;nonameanonimus2;<[У][М]> <[5][6][9]> <[А][Р]>;0;;0;2026-06-13;;;0;0;2026-06-13T12:06:05.035010+03:00;2026-06-13T12:06:07.938270+03:00
8028213091;pumpkinhat;.;0;;0;2026-06-13;;;0;0;2026-06-13T12:12:34.057125+03:00;2026-06-13T12:12:34.057125+03:00
6299869251;dusez;.;0;;3;2026-06-13;2026-06-13T12:23:50.737542+03:00;;3;3;2026-06-13T12:23:16.975204+03:00;2026-06-13T12:23:53.189557+03:00
8200914815;ifmow;.;0;;3;2026-06-13;2026-06-13T12:29:55.512068+03:00;;3;3;2026-06-13T12:29:38.095773+03:00;2026-06-13T12:29:58.983153+03:00
930513015;mos1qr;𝐦𝐨𝐫𝐫𝐨𝐰;0;;3;2026-06-17;2026-06-17T13:20:42.771270+03:00;;8;8;2026-06-13T12:38:09.227970+03:00;2026-06-17T13:20:46.251801+03:00
7942605651;ggews;Ибрагим;0;;3;2026-06-13;2026-06-13T12:50:10.980639+03:00;;3;3;2026-06-13T12:49:44.720964+03:00;2026-06-13T12:50:13.595491+03:00
6492209800;asann1337;asannn;0;;3;2026-06-13;2026-06-13T13:32:24.734037+03:00;;3;3;2026-06-13T13:32:01.165577+03:00;2026-06-13T13:32:26.685669+03:00
7286355368;Tru50;Miroslav;0;;3;2026-06-13;2026-06-13T13:33:16.818207+03:00;;3;3;2026-06-13T13:32:56.759958+03:00;2026-06-13T13:33:18.835349+03:00
7649468589;;.;0;;3;2026-06-13;2026-06-13T14:05:34.536483+03:00;;3;3;2026-06-13T14:05:05.129723+03:00;2026-06-13T20:03:32.751113+03:00
8644528911;desobin;desobin;0;;3;2026-06-19;2026-06-19T15:27:42.784577+03:00;;6;6;2026-06-13T14:06:24.442434+03:00;2026-06-19T15:27:46.480414+03:00
8579523289;upoyd;︎ ︎ ︎ ︎︎;0;;3;2026-06-17;2026-06-17T05:09:19.199669+03:00;;162;162;2026-06-13T14:46:23.600346+03:00;2026-06-17T05:09:58.406756+03:00
7489329300;whitedrab;эмбрион;0;;0;2026-06-13;;;0;0;2026-06-13T15:06:38.651630+03:00;2026-06-13T15:06:38.651630+03:00
8401636004;SAID_NOXCHI;S;0;;0;2026-06-13;;;0;0;2026-06-13T15:15:59.114639+03:00;2026-06-13T15:15:59.114639+03:00
7537297627;Honestttea;Honestttea;0;;3;2026-06-13;2026-06-13T15:43:12.320658+03:00;;3;3;2026-06-13T15:39:58.432464+03:00;2026-06-13T15:44:05.150402+03:00
8167523399;upeyz;Славик Голубиро;0;;3;2026-06-14;2026-06-14T17:26:36.853614+03:00;;6;6;2026-06-13T15:40:10.563312+03:00;2026-06-14T17:26:39.835898+03:00
8234213120;ufamev;#fame;0;;3;2026-06-13;2026-06-13T17:05:46.203507+03:00;;3;3;2026-06-13T17:03:34.573563+03:00;2026-06-13T17:05:49.543795+03:00
7936571374;ALotSwag;Mafikondrik;0;;0;2026-06-13;;;0;0;2026-06-13T17:45:48.470999+03:00;2026-06-13T17:45:50.398604+03:00
6328436060;uxmaa;Semkapicmi;0;;0;2026-06-30;2026-06-30T01:56:58.154895+03:00;2026-07-01T19:16:38.922147+03:00;34;34;2026-06-13T18:27:55.500059+03:00;2026-06-30T01:56:58.154895+03:00
7396843811;faymovy;Ар¡сто?;0;;3;2026-06-13;2026-06-13T18:32:07.892531+03:00;;3;3;2026-06-13T18:31:50.861505+03:00;2026-06-13T18:32:07.892531+03:00
6344840481;benjaminshooter;Хекс.;0;;3;2026-06-13;2026-06-13T18:32:39.377942+03:00;;3;3;2026-06-13T18:32:21.466998+03:00;2026-06-13T18:32:39.377942+03:00
8759238228;KroyLo;Нiщi богатый🔮🦉;0;;3;2026-06-13;2026-06-13T19:46:19.643892+03:00;;3;3;2026-06-13T19:45:53.945606+03:00;2026-06-13T19:46:19.643892+03:00
8762341967;makashovik;мakashov;0;;2;2026-06-13;2026-06-13T20:30:06.770911+03:00;;2;2;2026-06-13T20:29:49.771144+03:00;2026-06-13T20:30:06.770911+03:00
8048800520;cofuca;sᴀɴᴜᴋᴜ |;0;;3;2026-06-13;2026-06-13T20:37:28.812830+03:00;;3;3;2026-06-13T20:36:59.700734+03:00;2026-06-13T20:37:32.940036+03:00
7033231015;rdowo;connbly;0;;3;2026-06-30;2026-06-30T20:01:06.250151+03:00;;15;15;2026-06-13T20:43:53.774208+03:00;2026-06-30T20:01:12.973897+03:00
8658888869;fenace;fenace;0;;3;2026-06-13;2026-06-13T20:50:02.933946+03:00;;3;3;2026-06-13T20:49:42.493123+03:00;2026-06-13T20:50:15.266959+03:00
5875930026;Fygasnik;Black #Фуга;0;;0;2026-06-13;;;0;0;2026-06-13T20:50:50.510313+03:00;2026-06-13T20:50:50.510313+03:00
8771403623;kostyasafe;Kostya [Гарант/Обменник];0;;0;2026-06-13;;;0;0;2026-06-13T21:44:37.123751+03:00;2026-06-13T21:56:11.735150+03:00
7654394463;xawasi;walker;0;;3;2026-06-13;2026-06-13T22:02:34.554840+03:00;;3;3;2026-06-13T22:02:15.600232+03:00;2026-06-13T22:02:37.422748+03:00
6301187752;ulpao;Ыыы;0;;0;2026-06-13;;;0;0;2026-06-13T22:49:09.944930+03:00;2026-06-13T22:49:11.563769+03:00
7245159712;vronox;𝐕𝐄𝐘𝐑𝐎𝐍 | 𝐂𝐎𝐃𝐄𝐑;0;;3;2026-06-24;2026-06-24T01:08:27.205603+03:00;;3;3;2026-06-13T23:26:34.613073+03:00;2026-06-24T01:08:32.449459+03:00
5556382654;wauwy;𝗽𝘀𝘆𝗵𝗼 𝘀0𝗿𝗿𝗼𝘄;0;;2;2026-06-27;2026-06-27T21:12:43.089592+03:00;;32;32;2026-06-14T08:36:11.921512+03:00;2026-06-27T21:12:43.089592+03:00
7282003833;ayodik;Астольфость The femBOYS;0;;2;2026-06-17;2026-06-17T07:33:26.510542+03:00;;5;5;2026-06-14T11:18:59.044413+03:00;2026-06-17T07:33:26.510542+03:00
8272503039;sexydollpor;you;0;;0;2026-06-14;;;0;0;2026-06-14T11:33:16.500606+03:00;2026-06-14T11:33:16.500606+03:00
7953577280;ermekovsayat;Саят;0;;3;2026-06-14;2026-06-14T12:40:04.584150+03:00;;3;3;2026-06-14T12:37:40.635124+03:00;2026-06-14T12:40:04.584150+03:00
8336539184;aytxo;.;0;;3;2026-06-18;2026-06-18T13:03:37.552119+03:00;;15;15;2026-06-14T21:55:08.214743+03:00;2026-06-18T13:03:42.906175+03:00
6279569943;YBNTb_YTROM;кирюшка😇;0;;1;2026-06-14;2026-06-14T22:32:27.546443+03:00;;1;1;2026-06-14T22:32:19.595741+03:00;2026-06-14T22:32:27.546443+03:00
5330960940;cuswyu;Hudi;0;;0;2026-06-14;;;0;0;2026-06-14T23:41:40.267568+03:00;2026-06-14T23:41:40.267568+03:00
7739974533;erobu;ㅤ#erobu;0;;0;2026-06-15;;;0;0;2026-06-15T01:00:11.447249+03:00;2026-06-15T01:00:11.447249+03:00
1133519185;uvpum;/;0;;3;2026-06-15;2026-06-15T01:33:09.753714+03:00;;3;3;2026-06-15T01:32:52.243061+03:00;2026-06-15T01:33:11.779105+03:00
8370075215;roywfa;liqono;0;;3;2026-06-15;2026-06-15T19:00:34.566365+03:00;;3;3;2026-06-15T18:59:42.913352+03:00;2026-06-15T19:00:34.566365+03:00
6656330935;de1wilos;пап!рос #PuzoPeek;0;;3;2026-06-15;2026-06-15T22:04:45.676336+03:00;;3;3;2026-06-15T22:04:07.673765+03:00;2026-06-15T22:04:51.210458+03:00
7897604200;shumihow;𝐒𝐡𝐮𝐦𝐢𝐡𝐨𝐯;0;;3;2026-06-15;2026-06-15T23:26:19.103197+03:00;;3;3;2026-06-15T23:24:23.699982+03:00;2026-06-15T23:26:19.103197+03:00
1904585438;MKobyakov1;MKobyakov;0;;0;2026-06-16;;;0;0;2026-06-16T01:40:30.729829+03:00;2026-06-16T01:40:30.729829+03:00
8127303327;LordAsmiral;Lord Asmiral;0;;3;2026-06-16;2026-06-16T01:41:44.479495+03:00;;3;3;2026-06-16T01:40:51.371148+03:00;2026-06-16T01:41:53.677303+03:00
6332151733;LordGraveyard;Avdey Graveyard;0;;3;2026-06-16;2026-06-16T01:51:15.415423+03:00;;3;3;2026-06-16T01:51:05.063297+03:00;2026-06-16T01:51:48.133812+03:00
5902312741;echo_fovos;Человек;0;;3;2026-06-16;2026-06-16T02:23:58.942245+03:00;;3;3;2026-06-16T02:20:19.898744+03:00;2026-06-16T02:24:18.781725+03:00
5669258538;amiux;𝐄𝐠𝐨𝐫;0;;3;2026-06-29;2026-06-29T03:52:00.643040+03:00;;1682;1682;2026-06-16T03:26:23.170800+03:00;2026-07-19T16:09:39.861927+03:00
48270992;odoox;­;0;;3;2026-06-16;2026-06-16T11:57:32.471983+03:00;;3;3;2026-06-16T11:56:30.134316+03:00;2026-06-16T11:57:36.969939+03:00
8784212351;dtrinvor;invoker;0;;3;2026-06-16;2026-06-16T13:55:05.243706+03:00;;3;3;2026-06-16T13:54:18.848545+03:00;2026-06-16T13:55:05.243706+03:00
8710885794;abtat;mzxxq;0;;3;2026-08-16;2026-08-16T16:33:00.225217+03:00;;48;48;2026-06-17T21:37:32.647676+03:00;2026-08-16T16:33:00.225217+03:00
758545388;iytpe;Даниил;0;;3;2026-06-25;2026-06-25T14:26:49.935241+03:00;;9;9;2026-06-18T14:59:59.170119+03:00;2026-06-25T14:26:49.935241+03:00
8110289335;valeryi_legasov;Подозреваемый;0;;0;2026-06-18;;;0;0;2026-06-18T21:13:29.288052+03:00;2026-06-18T21:13:29.288052+03:00
8951374397;qumame;Воздухан✘ [🇵🇱];0;;0;2026-06-22;2026-06-18T21:30:22.486349+03:00;;3;3;2026-06-18T21:29:30.100530+03:00;2026-06-22T14:49:07.025993+03:00
8985313774;KotoctbOriginal;Koтость;0;;3;2026-06-18;2026-06-18T21:31:55.390972+03:00;;3;3;2026-06-18T21:31:40.713408+03:00;2026-06-18T21:31:55.390972+03:00
8485929089;ufxioo;JDH Zhenya||booba;0;;3;2026-06-19;2026-06-19T00:00:50.453828+03:00;;6;6;2026-06-18T22:33:58.515265+03:00;2026-06-19T14:32:58.719978+03:00
8507341512;ImFlyingApart;𝓚𝓸𝓬𝓱𝓴𝓲 𝓷𝓪 𝓼𝓮𝓻𝓭𝓼𝓮;0;;3;2026-06-18;2026-06-18T23:10:47.945551+03:00;;3;3;2026-06-18T23:10:14.546975+03:00;2026-06-18T23:10:53.338499+03:00
8451172438;hicoge;fuck;0;;1;2026-06-19;2026-06-19T14:27:01.312369+03:00;;1;1;2026-06-19T14:26:54.657407+03:00;2026-06-19T14:27:01.312369+03:00
608502324;nuemc;VERTEX;0;;0;2026-06-28;;;0;0;2026-06-19T14:46:59.157110+03:00;2026-06-28T22:04:53.214378+03:00
8769970174;Russiaduel;𝑹𝒖𝒔𝒔𝒊𝒂𝒅𝒖𝒆𝒍;0;;0;2026-06-19;;;0;0;2026-06-19T14:47:03.738770+03:00;2026-06-19T14:47:03.738770+03:00
6865502213;Woidww;Woidw;0;;3;2026-06-21;2026-06-21T16:17:40.906941+03:00;;9;9;2026-06-19T18:47:39.111729+03:00;2026-06-21T16:17:44.306216+03:00
7831626591;tapqp;Tapqp;0;;3;2026-06-19;2026-06-19T22:27:20.190146+03:00;;3;3;2026-06-19T22:26:48.526507+03:00;2026-06-19T22:27:24.390864+03:00
2145445234;ios_user11;Артём;0;;3;2026-06-20;2026-06-20T08:05:19.163478+03:00;;3;3;2026-06-20T08:04:32.999697+03:00;2026-06-20T08:06:06.696127+03:00
7970321049;G4_NA_NEW;A;0;;2;2026-07-13;2026-07-13T22:55:04.390735+03:00;;8;8;2026-06-20T08:37:47.377942+03:00;2026-07-13T22:55:04.390735+03:00
7391080734;opsuy;heroin;0;;3;2026-06-22;2026-06-22T12:23:17.397813+03:00;;6;6;2026-06-20T09:40:22.343087+03:00;2026-06-22T12:23:20.280863+03:00
7747250542;real_zum;ян;0;;3;2026-06-20;2026-06-20T09:43:01.993445+03:00;;3;3;2026-06-20T09:42:37.766425+03:00;2026-06-20T09:44:32.352812+03:00
8236823610;hieowl;di;0;;3;2026-06-25;2026-06-25T12:53:08.428767+03:00;;6;6;2026-06-20T09:45:01.443129+03:00;2026-06-25T12:53:08.428767+03:00
8385186839;epxia;Informal;0;;3;2026-06-20;2026-06-20T09:53:24.571471+03:00;;3;3;2026-06-20T09:53:01.001133+03:00;2026-06-20T09:54:29.197162+03:00
8470641380;;Solo;0;;3;2026-06-20;2026-06-20T09:54:54.831421+03:00;;3;3;2026-06-20T09:54:42.008741+03:00;2026-06-20T09:54:55.877209+03:00
2132236953;grmnn;german;0;;0;2026-07-11;2026-06-20T09:55:36.446567+03:00;;3;3;2026-06-20T09:55:06.191418+03:00;2026-07-11T20:14:15.413558+03:00
6172283905;nazir1051;ناضر;0;;3;2026-07-05;2026-07-05T21:49:33.196682+03:00;;18;18;2026-06-20T10:14:56.079539+03:00;2026-07-05T21:49:33.196682+03:00
5249909322;ehvua;Зали;0;;3;2026-06-22;2026-06-22T08:34:00.723840+03:00;;9;9;2026-06-20T10:58:02.127366+03:00;2026-06-22T08:34:02.750418+03:00
8310630968;qovivo;@giftstarsin;0;;2;2026-07-21;2026-07-21T10:12:35.911097+03:00;;32;29;2026-06-20T11:00:47.651828+03:00;2026-07-21T10:12:35.911097+03:00
955876751;timon070707;Гога;0;;3;2026-06-23;2026-06-23T17:16:34.469611+03:00;;12;12;2026-06-20T11:27:33.474801+03:00;2026-06-23T17:16:34.469611+03:00
7963267838;bIoodhand;yk;0;;3;2026-07-17;2026-07-17T10:05:59.853651+03:00;;72;72;2026-06-20T12:03:07.881662+03:00;2026-07-17T10:05:59.853651+03:00
1853602391;spider1i1y;”;0;;3;2026-06-20;2026-06-20T12:39:28.887280+03:00;;3;3;2026-06-20T12:39:12.991231+03:00;2026-06-20T12:39:31.398061+03:00
6449588433;LosxAngels;Lost;0;;3;2026-06-20;2026-06-20T13:38:46.188020+03:00;;3;3;2026-06-20T13:38:25.838003+03:00;2026-06-20T13:39:00.699843+03:00
8522335264;eamky;derei;0;;3;2026-07-06;2026-07-06T21:49:42.237459+03:00;;20;20;2026-06-20T15:15:11.038455+03:00;2026-07-06T21:49:42.237459+03:00
6840263711;Spsos;N3YR0T0D0KC1N_ʬʬʬ;0;;3;2026-07-06;2026-07-06T21:43:27.947031+03:00;;6;6;2026-06-20T21:27:37.100777+03:00;2026-07-06T21:43:39.324263+03:00
8523249450;;…;0;;3;2026-07-01;2026-07-01T16:41:10.546005+03:00;;15;15;2026-06-20T23:27:05.091046+03:00;2026-07-01T16:41:15.766558+03:00
5262265342;mimimimi_goblin;.;0;;3;2026-06-21;2026-06-21T05:18:25.522564+03:00;;3;3;2026-06-21T05:18:06.778843+03:00;2026-06-21T05:18:32.594669+03:00
8679216159;swag1941;cvtcvtcvtcvtcvtcvtcvt;0;;3;2026-07-11;2026-07-11T22:40:50.208611+03:00;;48;48;2026-06-21T13:02:21.468912+03:00;2026-07-11T22:40:50.208611+03:00
8351745026;anamaled;aqumarine;0;;3;2026-07-11;2026-07-11T22:39:55.696449+03:00;;54;54;2026-06-21T13:04:22.811749+03:00;2026-07-11T22:39:55.696449+03:00
6608435331;Detechum;Detechum;0;;0;2026-06-21;;;0;0;2026-06-21T21:35:05.331433+03:00;2026-06-21T21:35:12.214526+03:00
7420226837;ugnetayshyi;ugnetayshyi🇨🇳 @antiBottom;0;;3;2026-06-23;2026-06-23T09:46:28.075584+03:00;;3;3;2026-06-23T09:45:58.929478+03:00;2026-06-23T16:05:32.005409+03:00
6006879636;avuot;Саша;0;;3;2026-06-25;2026-06-25T01:27:35.027332+03:00;2026-07-25T01:25:55.909132+03:00;12;12;2026-06-25T01:20:23.939647+03:00;2026-06-25T01:27:35.027332+03:00
8264962831;imxyila;merak;0;;3;2026-06-29;2026-06-29T03:52:33.872761+03:00;;3;3;2026-06-29T03:52:05.811401+03:00;2026-06-29T03:52:39.256895+03:00
7397655037;exacn;инвестирую в говно;0;;3;2026-06-29;2026-06-29T12:27:25.308565+03:00;;3;3;2026-06-29T12:25:24.528844+03:00;2026-06-29T12:27:47.302087+03:00
8800415471;STARVELM;ULTRAKILL;0;;3;2026-06-29;2026-06-29T16:03:04.780751+03:00;;3;3;2026-06-29T16:02:39.735111+03:00;2026-06-29T16:03:10.572602+03:00
1087808952;qsemga;крис;0;;3;2026-06-29;2026-06-29T16:56:03.133985+03:00;;3;3;2026-06-29T16:55:26.986162+03:00;2026-06-29T16:56:12.373158+03:00
6409575149;Newlightbro;الظلمرعب;0;;0;2026-06-29;;;0;0;2026-06-29T18:48:09.720424+03:00;2026-06-29T18:48:09.720424+03:00
8686423724;ebyrpentagramy;:3;0;;3;2026-07-15;2026-07-15T22:45:13.015519+03:00;;3;3;2026-07-15T22:44:39.303282+03:00;2026-07-15T22:45:13.015519+03:00
7972149418;mixadrip;😁;0;;3;2026-07-16;2026-07-16T18:38:45.510695+03:00;;3;3;2026-07-16T18:37:33.422501+03:00;2026-07-16T18:38:51.350214+03:00
8771103531;;Tracy Griffin;0;;3;2026-07-18;2026-07-18T21:09:15.440132+03:00;;3;3;2026-07-18T21:08:48.650268+03:00;2026-07-18T21:09:24.139075+03:00
386916054;hcvxs;-;0;;3;2026-08-15;2026-08-15T00:47:31.617062+03:00;;3;3;2026-08-15T00:47:05.394413+03:00;2026-08-15T00:47:31.617062+03:00
8563789268;AssistantZeusFind;Support ZeusFind;0;;0;2026-08-16;;2027-05-13T16:24:53.520383+03:00;0;0;2026-08-16T16:24:06.191531+03:00;2026-08-16T16:24:59.140534+03:00
